{"ideological": 0.7501615252,
"labor": 0.04543844031,
"leadership": 0.02431561469,
"business": 0.1746258125,
"other": 0.00545860738}
