type,Business,Ideological,Labor,Leadership,Other
Collins,0.7501615252,0.04543844031,0.02431561469,0.1746258125,0.00545860738
Gideon,0,0.3468418318,0.09896335882,0.5541948094,0